player,position,squad,age,minutes,xg_per90,xa_per90,xg_xa_per90,npxg_per90,npxg_xa_per90,progressive_passes,sca_per90,sca_passes_live,sca_passes_dead,sca_dribbles,sca_shots,sca_fouled,progressive_carries
Max Aarons,DF,Norwich City,21-353,1530.0,0.03,0.05,0.08,0.03,0.08,63.0,1.35,19.0,0.0,1.0,2.0,1.0,101.0
Che Adams,FW,Southampton,25-163,858.0,0.25,0.15,0.4,0.25,0.4,16.0,2.1,14.0,0.0,1.0,0.0,4.0,16.0
Rayan Aït Nouri,DF,Wolves,20-200,718.0,0.04,0.07,0.11,0.04,0.11,17.0,1.88,6.0,5.0,3.0,0.0,0.0,60.0
Kristoffer Ajer,DF,Brentford,23-250,565.0,0.03,0.05,0.07,0.03,0.07,12.0,0.96,4.0,1.0,0.0,1.0,0.0,15.0
Nathan Aké,DF,Manchester City,26-308,401.0,0.06,0.0,0.06,0.06,0.06,11.0,0.0,0.0,0.0,0.0,0.0,0.0,32.0
Marc Albrighton,"FW,MF",Leicester City,32-035,317.0,0.01,0.07,0.08,0.01,0.08,5.0,1.14,2.0,2.0,0.0,0.0,0.0,7.0
Thiago Alcántara,MF,Liverpool,30-256,676.0,0.19,0.13,0.33,0.19,0.33,79.0,3.86,23.0,0.0,0.0,5.0,0.0,65.0
Trent Alexander-Arnold,DF,Liverpool,23-077,1414.0,0.12,0.43,0.55,0.12,0.55,148.0,5.35,51.0,28.0,1.0,3.0,1.0,87.0
Alisson,GK,Liverpool,29-082,1530.0,0.0,0.0,0.0,0.0,0.0,0.0,0.06,1.0,0.0,0.0,0.0,0.0,0.0
Allan,MF,Everton,30-349,1321.0,0.01,0.03,0.04,0.01,0.04,69.0,1.29,18.0,0.0,0.0,0.0,1.0,59.0
Dele Alli,MF,Tottenham,25-256,596.0,0.22,0.11,0.34,0.11,0.22,18.0,1.06,4.0,0.0,0.0,0.0,3.0,17.0
Miguel Almirón,MF,Newcastle Utd,27-316,959.0,0.08,0.04,0.12,0.08,0.12,19.0,2.72,21.0,0.0,0.0,6.0,1.0,47.0
Marcos Alonso,DF,Chelsea,30-360,1013.0,0.09,0.2,0.29,0.09,0.29,45.0,3.38,28.0,6.0,1.0,2.0,1.0,56.0
Steven Alzate,MF,Brighton,23-106,90.0,0.0,0.14,0.14,0.0,0.14,3.0,3.0,3.0,0.0,0.0,0.0,0.0,4.0
Daniel Amartey,DF,Leicester City,27-002,606.0,0.0,0.0,0.01,0.0,0.01,25.0,1.04,6.0,0.0,0.0,0.0,0.0,25.0
Joachim Andersen,DF,Crystal Palace,25-206,1034.0,0.02,0.05,0.07,0.02,0.07,29.0,0.96,8.0,1.0,0.0,1.0,0.0,25.0
Michail Antonio,FW,West Ham,31-270,1435.0,0.34,0.24,0.59,0.32,0.57,17.0,3.76,40.0,0.0,5.0,6.0,5.0,76.0
Cameron Archer,"MF,FW",Aston Villa,20-155,27.0,0.07,0.0,0.07,0.07,0.07,3.0,0.0,0.0,0.0,0.0,0.0,0.0,0.0
Adam Armstrong,"FW,MF",Southampton,24-316,1089.0,0.32,0.14,0.46,0.32,0.46,20.0,2.15,15.0,0.0,4.0,4.0,3.0,54.0
Stuart Armstrong,MF,Southampton,29-268,125.0,0.24,0.17,0.41,0.24,0.41,3.0,4.32,6.0,0.0,0.0,0.0,0.0,11.0
Kepa Arrizabalaga,GK,Chelsea,27-081,90.0,0.0,0.0,0.0,0.0,0.0,0.0,0.0,0.0,0.0,0.0,0.0,0.0,0.0
Harrison Ashby,DF,West Ham,20-039,7.0,0.0,0.0,0.0,0.0,0.0,0.0,0.0,0.0,0.0,0.0,0.0,0.0,1.0
Pierre-Emerick Aubameyang,FW,Arsenal,32-188,1037.0,0.5,0.07,0.57,0.36,0.43,13.0,2.0,14.0,0.0,1.0,5.0,3.0,29.0
Jordan Ayew,FW,Crystal Palace,30-103,1048.0,0.16,0.12,0.28,0.16,0.28,23.0,2.49,18.0,0.0,1.0,2.0,5.0,78.0
Luke Ayling,DF,Leeds United,30-120,808.0,0.05,0.01,0.06,0.05,0.06,50.0,1.0,6.0,0.0,0.0,3.0,0.0,43.0
César Azpilicueta,DF,Chelsea,32-117,940.0,0.03,0.15,0.18,0.03,0.18,58.0,2.49,24.0,0.0,1.0,1.0,0.0,65.0
Daniel Bachmann,GK,Watford,27-167,720.0,0.0,0.0,0.0,0.0,0.0,0.0,0.0,0.0,0.0,0.0,0.0,0.0,0.0
Leon Bailey,"FW,MF",Aston Villa,24-136,424.0,0.24,0.06,0.3,0.24,0.3,11.0,2.76,9.0,0.0,1.0,1.0,2.0,30.0
Eric Bailly,DF,Manchester Utd,27-255,152.0,0.0,0.0,0.0,0.0,0.0,1.0,0.0,0.0,0.0,0.0,0.0,0.0,3.0
Folarin Balogun,FW,Arsenal,20-173,70.0,0.35,0.0,0.35,0.35,0.35,0.0,0.0,0.0,0.0,0.0,0.0,0.0,1.0
Patrick Bamford,FW,Leeds United,28-109,459.0,0.63,0.11,0.74,0.63,0.74,6.0,1.76,7.0,0.0,1.0,0.0,1.0,8.0
Shandon Baptiste,MF,Brentford,23-259,406.0,0.04,0.03,0.07,0.04,0.07,8.0,1.77,6.0,0.0,0.0,1.0,0.0,23.0
Ross Barkley,MF,Chelsea,28-018,154.0,0.48,0.32,0.8,0.48,0.8,10.0,9.94,11.0,3.0,2.0,0.0,1.0,18.0
Ashley Barnes,FW,Burnley,32-054,382.0,0.16,0.19,0.34,0.16,0.34,8.0,3.06,9.0,0.0,0.0,2.0,1.0,7.0
Harvey Barnes,"FW,MF",Leicester City,24-014,1025.0,0.2,0.12,0.32,0.2,0.32,30.0,2.02,19.0,0.0,2.0,1.0,1.0,87.0
Mads Bech Sørensen,DF,Brentford,22-350,20.0,0.0,0.0,0.0,0.0,0.0,0.0,0.0,0.0,0.0,0.0,0.0,0.0,0.0
Jan Bednarek,DF,Southampton,25-255,984.0,0.07,0.01,0.08,0.07,0.08,22.0,0.73,7.0,0.0,0.0,0.0,0.0,11.0
Donny van de Beek,MF,Manchester Utd,24-249,73.0,0.82,0.6,1.41,0.82,1.41,3.0,4.93,4.0,0.0,0.0,0.0,0.0,2.0
Asmir Begović,GK,Everton,34-186,90.0,0.0,0.0,0.0,0.0,0.0,0.0,0.0,0.0,0.0,0.0,0.0,0.0,0.0
Saïd Benrahma,"FW,MF",West Ham,26-135,1204.0,0.18,0.11,0.28,0.18,0.28,39.0,3.14,32.0,0.0,3.0,2.0,4.0,66.0
Christian Benteke,FW,Crystal Palace,31-020,992.0,0.45,0.1,0.55,0.45,0.55,11.0,1.45,14.0,0.0,1.0,1.0,0.0,23.0
Jóhann Berg Guðmundsson,MF,Burnley,31-057,959.0,0.14,0.03,0.17,0.14,0.17,12.0,1.5,12.0,0.0,1.0,1.0,2.0,33.0
Steven Bergwijn,FW,Tottenham,24-076,285.0,0.24,0.13,0.37,0.24,0.37,8.0,3.16,7.0,0.0,1.0,1.0,1.0,18.0
Ryan Bertrand,DF,Leicester City,32-140,337.0,0.0,0.08,0.08,0.0,0.08,7.0,0.53,1.0,1.0,0.0,0.0,0.0,11.0
Mads Bidstrup,MF,Brentford,20-301,25.0,0.0,0.0,0.0,0.0,0.0,0.0,0.0,0.0,0.0,0.0,0.0,0.0,0.0
Yves Bissouma,MF,Brighton,25-115,1030.0,0.04,0.04,0.08,0.04,0.08,30.0,1.31,8.0,0.0,3.0,1.0,2.0,56.0
Jarrod Bowen,FW,West Ham,25-003,1404.0,0.32,0.17,0.48,0.32,0.48,23.0,3.65,30.0,12.0,4.0,7.0,2.0,58.0
Jarrad Branthwaite,DF,Everton,19-179,90.0,0.36,0.0,0.36,0.36,0.36,0.0,0.0,0.0,0.0,0.0,0.0,0.0,0.0
Armando Broja,FW,Southampton,20-104,623.0,0.38,0.13,0.51,0.38,0.51,8.0,1.73,5.0,0.0,1.0,2.0,2.0,22.0
Josh Brownhill,MF,Burnley,26-004,1203.0,0.05,0.08,0.12,0.05,0.12,40.0,1.87,20.0,2.0,0.0,1.0,1.0,30.0
Bryan,"FW,MF",Tottenham,20-315,62.0,0.0,0.0,0.0,0.0,0.0,2.0,1.45,1.0,0.0,0.0,0.0,0.0,7.0
Emi Buendía,"FW,MF",Aston Villa,24-363,892.0,0.12,0.18,0.3,0.12,0.3,45.0,3.13,27.0,2.0,1.0,1.0,0.0,45.0
Dan Burn,DF,Brighton,29-228,482.0,0.08,0.01,0.08,0.08,0.08,25.0,0.93,4.0,0.0,0.0,1.0,0.0,15.0
Jack Butland,GK,Crystal Palace,28-288,90.0,0.0,0.0,0.0,0.0,0.0,0.0,0.0,0.0,0.0,0.0,0.0,0.0,0.0
Sam Byram,MF,Norwich City,28-098,46.0,0.0,0.0,0.0,0.0,0.0,1.0,0.0,0.0,0.0,0.0,0.0,0.0,2.0
Willy Caballero,GK,Southampton,40-086,180.0,0.0,0.0,0.0,0.0,0.0,0.0,0.0,0.0,0.0,0.0,0.0,0.0,0.0
Dominic Calvert-Lewin,FW,Everton,24-282,248.0,1.38,0.05,1.44,0.83,0.89,2.0,2.9,4.0,1.0,0.0,1.0,2.0,1.0
João Cancelo,DF,Manchester City,27-210,1517.0,0.12,0.17,0.29,0.12,0.29,134.0,3.03,43.0,0.0,2.0,6.0,0.0,175.0
Sergi Canós,DF,Brentford,24-324,1220.0,0.13,0.09,0.22,0.13,0.22,56.0,1.77,21.0,1.0,1.0,1.0,0.0,76.0
Todd Cantwell,"FW,MF",Norwich City,23-299,441.0,0.03,0.04,0.07,0.03,0.07,10.0,1.02,5.0,0.0,0.0,0.0,0.0,15.0
Matty Cash,DF,Aston Villa,24-138,1513.0,0.06,0.05,0.11,0.06,0.11,41.0,1.43,16.0,4.0,2.0,1.0,1.0,73.0
Timothy Castagne,DF,Leicester City,26-018,1138.0,0.01,0.02,0.03,0.01,0.03,39.0,1.03,10.0,2.0,0.0,0.0,1.0,43.0
Craig Cathcart,DF,Watford,32-320,1193.0,0.0,0.0,0.0,0.0,0.0,24.0,0.15,2.0,0.0,0.0,0.0,0.0,6.0
Edinson Cavani,FW,Manchester Utd,34-312,213.0,0.6,0.01,0.61,0.6,0.61,2.0,0.85,1.0,0.0,0.0,1.0,0.0,1.0
Trevoh Chalobah,DF,Chelsea,22-171,750.0,0.07,0.0,0.07,0.07,0.07,29.0,0.36,3.0,0.0,0.0,0.0,0.0,36.0
Calum Chambers,DF,Arsenal,26-337,170.0,0.05,0.03,0.07,0.05,0.07,9.0,0.53,1.0,0.0,0.0,0.0,0.0,4.0
Ben Chilwell,DF,Chelsea,25-002,540.0,0.19,0.15,0.35,0.19,0.35,13.0,3.5,11.0,7.0,1.0,1.0,0.0,23.0
Hamza Choudhury,MF,Leicester City,24-083,59.0,0.0,0.0,0.0,0.0,0.0,3.0,1.53,0.0,0.0,0.0,0.0,1.0,0.0
Andreas Christensen,DF,Chelsea,25-257,917.0,0.03,0.01,0.04,0.03,0.04,45.0,0.39,3.0,0.0,1.0,0.0,0.0,37.0
Carney Chukwuemeka,"MF,FW",Aston Villa,17-350,107.0,0.33,0.83,1.16,0.33,1.16,0.0,1.68,2.0,0.0,0.0,0.0,0.0,4.0
Ciaran Clark,DF,Newcastle Utd,32-088,991.0,0.07,0.03,0.1,0.07,0.1,15.0,0.45,4.0,0.0,0.0,1.0,0.0,13.0
Tom Cleverley,MF,Watford,32-133,725.0,0.04,0.16,0.2,0.04,0.2,22.0,3.1,14.0,7.0,0.0,1.0,3.0,9.0
Nathaniel Clyne,DF,Crystal Palace,30-262,91.0,0.0,0.0,0.0,0.0,0.0,0.0,0.0,0.0,0.0,0.0,0.0,0.0,0.0
Conor Coady,DF,Wolves,28-301,1616.0,0.06,0.0,0.06,0.06,0.06,17.0,0.17,3.0,0.0,0.0,0.0,0.0,16.0
Séamus Coleman,DF,Everton,33-073,1170.0,0.01,0.05,0.06,0.01,0.06,47.0,1.54,16.0,1.0,0.0,1.0,1.0,48.0
Nathan Collins,DF,Burnley,20-237,450.0,0.01,0.09,0.1,0.01,0.1,8.0,0.6,3.0,0.0,0.0,0.0,0.0,3.0
Aaron Connolly,FW,Brighton,21-329,156.0,0.26,0.2,0.47,0.26,0.47,0.0,1.15,2.0,0.0,0.0,0.0,0.0,3.0
Liam Cooper,DF,Leeds United,30-115,1274.0,0.02,0.0,0.02,0.02,0.02,34.0,0.49,5.0,0.0,0.0,1.0,1.0,19.0
Jack Cork,MF,Burnley,32-181,494.0,0.02,0.0,0.02,0.02,0.02,7.0,0.55,2.0,0.0,0.0,0.0,0.0,11.0
Maxwel Cornet,"FW,MF",Burnley,25-087,562.0,0.25,0.09,0.33,0.25,0.33,11.0,1.28,7.0,0.0,0.0,1.0,0.0,13.0
Hélder Costa,MF,Leeds United,27-345,22.0,0.11,0.0,0.11,0.11,0.11,0.0,0.0,0.0,0.0,0.0,0.0,0.0,0.0
Vladimír Coufal,DF,West Ham,29-123,1004.0,0.02,0.14,0.16,0.02,0.16,47.0,2.51,19.0,7.0,0.0,1.0,0.0,42.0
Aaron Cresswell,DF,West Ham,32-008,1140.0,0.03,0.11,0.14,0.03,0.14,83.0,2.05,14.0,10.0,0.0,2.0,0.0,52.0
Charlie Cresswell,DF,Leeds United,19-016,95.0,0.0,0.0,0.0,0.0,0.0,4.0,0.0,0.0,0.0,0.0,0.0,0.0,2.0
Cucho,"FW,MF",Watford,22-247,610.0,0.13,0.18,0.32,0.13,0.32,19.0,3.54,14.0,4.0,2.0,3.0,1.0,35.0
Marc Cucurella,DF,Brighton,23-154,1109.0,0.01,0.1,0.11,0.01,0.11,55.0,2.43,26.0,2.0,1.0,0.0,0.0,67.0
Patson Daka,"FW,MF",Leicester City,23-075,290.0,0.58,0.43,1.01,0.58,1.01,7.0,3.41,9.0,0.0,1.0,1.0,0.0,8.0
Stuart Dallas,"DF,MF",Leeds United,30-248,1607.0,0.07,0.08,0.14,0.07,0.14,55.0,2.18,25.0,9.0,1.0,1.0,2.0,86.0
Diogo Dalot,DF,Manchester Utd,22-280,363.0,0.06,0.02,0.07,0.06,0.07,25.0,1.74,6.0,1.0,0.0,0.0,0.0,21.0
Karl Darlow,GK,Newcastle Utd,31-076,720.0,0.0,0.0,0.0,0.0,0.0,0.0,0.0,0.0,0.0,0.0,0.0,0.0,0.0
Ben Davies,DF,Tottenham,28-243,571.0,0.17,0.06,0.22,0.17,0.22,26.0,0.63,4.0,0.0,0.0,0.0,0.0,35.0
Tom Davies,MF,Everton,23-176,158.0,0.52,0.0,0.52,0.52,0.52,7.0,2.28,3.0,0.0,0.0,1.0,0.0,3.0
Keinan Davis,FW,Aston Villa,23-313,12.0,0.0,0.0,0.0,0.0,0.0,1.0,0.0,0.0,0.0,0.0,0.0,0.0,0.0
Craig Dawson,DF,West Ham,31-231,983.0,0.09,0.0,0.09,0.09,0.09,18.0,0.18,1.0,0.0,0.0,1.0,0.0,19.0
Kevin De Bruyne,MF,Manchester City,30-178,674.0,0.31,0.43,0.73,0.31,0.73,53.0,6.14,36.0,6.0,1.0,2.0,1.0,53.0
Troy Deeney,FW,Watford,33-177,25.0,1.45,0.32,1.77,1.45,1.77,1.0,3.6,1.0,0.0,0.0,0.0,0.0,0.0
Fabian Delph,MF,Everton,32-032,249.0,0.01,0.02,0.02,0.01,0.02,13.0,0.72,2.0,0.0,0.0,0.0,0.0,7.0
Leander Dendoncker,"MF,FW",Wolves,26-252,696.0,0.08,0.09,0.18,0.08,0.18,15.0,1.03,8.0,0.0,0.0,0.0,0.0,8.0
Emmanuel Dennis,"FW,MF",Watford,24-038,1168.0,0.3,0.13,0.42,0.3,0.42,23.0,3.24,25.0,0.0,7.0,4.0,4.0,57.0
Kiernan Dewsbury Hall,MF,Leicester City,23-108,258.0,0.17,0.09,0.27,0.17,0.27,6.0,3.84,9.0,0.0,1.0,0.0,1.0,16.0
Ibrahima Diallo,MF,Southampton,22-290,504.0,0.06,0.07,0.13,0.06,0.13,19.0,2.14,10.0,0.0,1.0,0.0,1.0,20.0
Raphael Dias Belloli,"MF,FW",Leeds United,25-009,1347.0,0.39,0.18,0.57,0.24,0.42,82.0,3.54,23.0,14.0,6.0,6.0,3.0,85.0
Rúben Dias,DF,Manchester City,24-223,1412.0,0.06,0.07,0.13,0.06,0.13,63.0,1.02,15.0,0.0,0.0,0.0,0.0,140.0
Eric Dier,DF,Tottenham,27-342,1271.0,0.02,0.09,0.11,0.02,0.11,35.0,0.99,10.0,0.0,0.0,2.0,0.0,25.0
Lucas Digne,DF,Everton,28-156,1170.0,0.03,0.13,0.16,0.03,0.16,49.0,2.54,22.0,9.0,1.0,0.0,1.0,47.0
Virgil van Dijk,DF,Liverpool,30-168,1440.0,0.09,0.01,0.09,0.09,0.09,50.0,0.75,8.0,0.0,0.0,4.0,0.0,39.0
Issa Diop,DF,West Ham,24-348,270.0,0.02,0.0,0.02,0.02,0.02,1.0,0.33,1.0,0.0,0.0,0.0,0.0,1.0
Moussa Djenepo,MF,Southampton,23-191,430.0,0.31,0.05,0.36,0.31,0.36,20.0,3.35,12.0,0.0,2.0,1.0,1.0,28.0
Lewis Dobbin,"FW,MF",Everton,18-354,32.0,0.0,0.0,0.0,0.0,0.0,1.0,0.0,0.0,0.0,0.0,0.0,0.0,2.0
Matt Doherty,DF,Tottenham,29-341,57.0,0.05,0.0,0.05,0.05,0.05,3.0,0.0,0.0,0.0,0.0,0.0,0.0,3.0
Gabriel Dos Santos,DF,Arsenal,24-004,1328.0,0.06,0.02,0.08,0.06,0.08,23.0,0.68,8.0,0.0,0.0,1.0,0.0,45.0
Abdoulaye Doucouré,MF,Everton,28-356,1170.0,0.14,0.09,0.23,0.14,0.23,49.0,2.54,29.0,0.0,1.0,2.0,0.0,43.0
Kieran Dowell,"FW,MF",Norwich City,24-074,251.0,0.04,0.21,0.25,0.04,0.25,5.0,3.23,9.0,0.0,0.0,0.0,0.0,9.0
Cody Drameh,DF,Leeds United,20-015,128.0,0.0,0.01,0.01,0.0,0.01,6.0,1.41,2.0,0.0,0.0,0.0,0.0,9.0
Martin Dúbravka,GK,Newcastle Utd,32-342,540.0,0.0,0.0,0.0,0.0,0.0,0.0,0.0,0.0,0.0,0.0,0.0,0.0,0.0
Shane Duffy,DF,Brighton,29-356,1135.0,0.07,0.01,0.08,0.07,0.08,18.0,0.4,3.0,0.0,0.0,2.0,0.0,15.0
Lewis Dunk,DF,Brighton,30-032,1260.0,0.03,0.01,0.04,0.03,0.04,25.0,0.43,6.0,0.0,0.0,0.0,0.0,25.0
Ederson,GK,Manchester City,28-128,1530.0,0.0,0.0,0.0,0.0,0.0,1.0,0.18,1.0,2.0,0.0,0.0,0.0,0.0
Odsonne Édouard,FW,Crystal Palace,23-341,788.0,0.34,0.13,0.47,0.34,0.47,17.0,2.17,12.0,0.0,2.0,4.0,0.0,30.0
Anthony Elanga,FW,Manchester Utd,19-240,15.0,0.0,0.0,0.0,0.0,0.0,0.0,0.0,0.0,0.0,0.0,0.0,0.0,1.0
Harvey Elliott,MF,Liverpool,18-263,250.0,0.25,0.11,0.36,0.25,0.36,26.0,5.4,9.0,1.0,1.0,2.0,2.0,25.0
Mohamed Elneny,MF,Arsenal,29-165,153.0,0.01,0.09,0.1,0.01,0.1,1.0,2.35,4.0,0.0,0.0,0.0,0.0,2.0
Mohamed Elyounoussi,MF,Southampton,27-141,816.0,0.28,0.07,0.35,0.28,0.35,22.0,2.32,17.0,0.0,0.0,3.0,1.0,53.0
Emerson,DF,Tottenham,22-343,937.0,0.02,0.04,0.06,0.02,0.06,26.0,1.15,10.0,0.0,2.0,0.0,0.0,49.0
Oghenekaro Etebo,MF,Watford,26-044,371.0,0.01,0.01,0.02,0.01,0.02,11.0,0.97,4.0,0.0,0.0,0.0,0.0,10.0
Jonny Evans,DF,Leicester City,33-354,752.0,0.09,0.05,0.14,0.09,0.14,20.0,0.48,3.0,1.0,0.0,0.0,0.0,9.0
Eberechi Eze,MF,Crystal Palace,23-177,38.0,0.0,0.0,0.0,0.0,0.0,1.0,2.37,0.0,1.0,0.0,0.0,0.0,3.0
Łukasz Fabiański,GK,West Ham,36-249,1530.0,0.0,0.0,0.0,0.0,0.0,0.0,0.12,2.0,0.0,0.0,0.0,0.0,0.0
Fabinho,MF,Liverpool,28-061,1009.0,0.07,0.05,0.12,0.07,0.12,48.0,1.43,12.0,0.0,0.0,2.0,2.0,52.0
Kiko Femenía,DF,Watford,30-324,809.0,0.0,0.09,0.09,0.0,0.09,28.0,1.56,11.0,3.0,0.0,0.0,0.0,26.0
Bruno Fernandes,MF,Manchester Utd,27-106,1379.0,0.24,0.27,0.51,0.19,0.46,82.0,4.5,58.0,8.0,0.0,2.0,1.0,87.0
Álvaro Fernández,GK,Brentford,23-254,630.0,0.0,0.0,0.0,0.0,0.0,1.0,0.0,0.0,0.0,0.0,0.0,0.0,0.0
Federico Fernández,DF,Newcastle Utd,32-305,523.0,0.07,0.06,0.13,0.07,0.13,8.0,0.52,1.0,0.0,0.0,2.0,0.0,0.0
Fernandinho,MF,Manchester City,36-233,340.0,0.18,0.17,0.35,0.18,0.35,20.0,3.97,13.0,0.0,0.0,1.0,1.0,22.0
Roberto Firmino,FW,Liverpool,30-082,419.0,0.86,0.17,1.03,0.86,1.03,15.0,3.44,15.0,0.0,0.0,0.0,0.0,29.0
Junior Firpo,DF,Leeds United,25-123,815.0,0.04,0.07,0.11,0.04,0.11,33.0,2.43,14.0,4.0,1.0,1.0,1.0,48.0
Ashley Fletcher,FW,Watford,26-082,30.0,1.16,0.0,1.16,1.16,1.16,1.0,12.0,2.0,0.0,0.0,1.0,1.0,1.0
Phil Foden,FW,Manchester City,21-209,811.0,0.5,0.39,0.89,0.5,0.89,33.0,3.77,24.0,7.0,0.0,3.0,0.0,56.0
Pablo Fornals,"FW,MF",West Ham,25-304,1310.0,0.2,0.14,0.34,0.2,0.34,76.0,2.95,35.0,2.0,1.0,2.0,2.0,67.0
Adam Forshaw,MF,Leeds United,30-076,741.0,0.02,0.1,0.12,0.02,0.12,25.0,2.06,16.0,0.0,0.0,1.0,0.0,19.0
Marcus Forss,"FW,MF",Brentford,22-188,197.0,0.09,0.0,0.09,0.09,0.09,4.0,0.91,1.0,0.0,0.0,1.0,0.0,3.0
Ben Foster,GK,Watford,38-264,720.0,0.0,0.01,0.01,0.0,0.01,0.0,0.5,4.0,0.0,0.0,0.0,0.0,0.0
Ryan Fraser,MF,Newcastle Utd,27-302,527.0,0.08,0.09,0.17,0.08,0.17,3.0,2.05,6.0,2.0,0.0,2.0,2.0,29.0
Fred,MF,Manchester Utd,28-293,1120.0,0.04,0.05,0.09,0.04,0.09,54.0,2.09,19.0,0.0,0.0,1.0,4.0,34.0
Ryan Fredericks,DF,West Ham,29-074,3.0,0.0,0.0,0.0,0.0,0.0,0.0,0.0,0.0,0.0,0.0,0.0,0.0,0.0
Conor Gallagher,MF,Crystal Palace,21-320,1405.0,0.23,0.19,0.43,0.23,0.43,38.0,4.23,32.0,17.0,3.0,7.0,6.0,63.0
Dwight Gayle,FW,Newcastle Utd,31-067,23.0,0.19,0.0,0.19,0.19,0.19,0.0,0.0,0.0,0.0,0.0,0.0,0.0,0.0
Jean-Philippe Gbamin,MF,Everton,26-089,67.0,0.0,0.0,0.0,0.0,0.0,0.0,0.0,0.0,0.0,0.0,0.0,0.0,2.0
David de Gea,GK,Manchester Utd,31-046,1440.0,0.0,0.0,0.0,0.0,0.0,0.0,0.12,2.0,0.0,0.0,0.0,0.0,0.0
Joe Gelhardt,FW,Leeds United,19-233,274.0,0.34,0.03,0.37,0.34,0.37,4.0,2.96,4.0,0.0,1.0,1.0,3.0,12.0
Anwar El Ghazi,"FW,MF",Aston Villa,26-234,371.0,0.25,0.09,0.34,0.07,0.16,7.0,2.67,8.0,1.0,1.0,0.0,1.0,26.0
Saman Ghoddos,"MF,FW",Brentford,28-108,278.0,0.2,0.24,0.44,0.2,0.44,15.0,5.18,11.0,1.0,0.0,1.0,2.0,16.0
Dimitris Giannoulis,DF,Norwich City,26-067,490.0,0.01,0.06,0.07,0.01,0.07,16.0,1.1,6.0,0.0,0.0,0.0,0.0,28.0
Morgan Gibbs-White,"FW,MF",Wolves,21-330,9.0,1.22,0.0,1.22,1.22,1.22,1.0,0.0,0.0,0.0,0.0,0.0,0.0,1.0
Ben Gibson,DF,Norwich City,28-342,1144.0,0.08,0.0,0.09,0.08,0.09,53.0,0.31,4.0,0.0,0.0,0.0,0.0,50.0
Billy Gilmour,MF,Norwich City,20-195,873.0,0.03,0.1,0.13,0.03,0.13,50.0,2.89,11.0,14.0,1.0,2.0,0.0,44.0
Ben Godfrey,DF,Everton,23-342,1219.0,0.06,0.03,0.09,0.06,0.09,20.0,1.4,16.0,0.0,1.0,1.0,0.0,27.0
André Gomes,MF,Everton,28-146,252.0,0.2,0.04,0.25,0.2,0.25,6.0,2.5,4.0,0.0,2.0,1.0,0.0,9.0
Joe Gomez,DF,Liverpool,24-214,15.0,0.0,0.0,0.0,0.0,0.0,0.0,0.0,0.0,0.0,0.0,0.0,0.0,0.0
Charlie Goode,DF,Brentford,26-142,450.0,0.03,0.07,0.1,0.03,0.1,11.0,2.4,2.0,7.0,1.0,1.0,0.0,13.0
Anthony Gordon,"MF,FW",Everton,20-302,701.0,0.15,0.1,0.24,0.15,0.24,18.0,2.18,11.0,1.0,1.0,0.0,4.0,39.0
Dan Gosling,MF,Watford,31-325,22.0,0.0,0.0,0.0,0.0,0.0,0.0,0.0,0.0,0.0,0.0,0.0,0.0,0.0
Demarai Gray,"MF,FW",Everton,25-178,1236.0,0.19,0.15,0.34,0.19,0.34,22.0,3.13,25.0,5.0,7.0,1.0,5.0,95.0
Jack Grealish,FW,Manchester City,26-104,972.0,0.33,0.3,0.62,0.33,0.62,40.0,5.83,49.0,1.0,3.0,4.0,6.0,173.0
Mason Greenwood,FW,Manchester Utd,20-083,848.0,0.27,0.14,0.41,0.27,0.41,29.0,3.5,27.0,0.0,3.0,1.0,2.0,71.0
Sam Greenwood,MF,Leeds United,19-331,13.0,0.0,0.0,0.0,0.0,0.0,0.0,0.0,0.0,0.0,0.0,0.0,0.0,1.0
Pascal Groß,"MF,DF",Brighton,30-191,849.0,0.08,0.2,0.28,0.08,0.28,40.0,4.35,23.0,15.0,0.0,3.0,0.0,46.0
Vicente Guaita,GK,Crystal Palace,34-347,1440.0,0.0,0.0,0.0,0.0,0.0,0.0,0.0,0.0,0.0,0.0,0.0,0.0,0.0
Marc Guéhi,DF,Crystal Palace,21-163,1530.0,0.09,0.0,0.09,0.09,0.09,51.0,0.35,6.0,0.0,0.0,0.0,0.0,56.0
İlkay Gündoğan,MF,Manchester City,31-060,938.0,0.47,0.23,0.7,0.47,0.7,42.0,3.65,28.0,9.0,1.0,0.0,0.0,66.0
Grant Hanley,DF,Norwich City,30-033,1277.0,0.05,0.01,0.07,0.05,0.07,18.0,0.42,3.0,0.0,0.0,3.0,0.0,14.0
Jack Harrison,"MF,FW",Leeds United,25-033,1105.0,0.07,0.09,0.17,0.07,0.17,45.0,2.61,24.0,1.0,3.0,2.0,2.0,106.0
Kortney Hause,DF,Aston Villa,26-160,261.0,0.02,0.0,0.02,0.02,0.02,2.0,0.0,0.0,0.0,0.0,0.0,0.0,1.0
Kai Havertz,"FW,MF",Chelsea,22-195,856.0,0.3,0.07,0.38,0.3,0.38,22.0,2.0,14.0,0.0,0.0,2.0,3.0,53.0
Isaac Hayden,"MF,DF",Newcastle Utd,26-276,1002.0,0.04,0.01,0.05,0.04,0.05,9.0,0.54,6.0,0.0,0.0,0.0,0.0,12.0
Hwang Hee-chan,"FW,MF",Wolves,25-331,979.0,0.2,0.09,0.29,0.2,0.29,13.0,1.1,9.0,0.0,1.0,2.0,0.0,52.0
Jordan Henderson,MF,Liverpool,31-189,1228.0,0.07,0.17,0.24,0.07,0.24,81.0,3.15,39.0,2.0,2.0,0.0,0.0,64.0
Jeff Hendrick,MF,Newcastle Utd,29-326,72.0,0.04,0.06,0.1,0.04,0.1,1.0,1.25,1.0,0.0,0.0,0.0,0.0,1.0
Rico Henry,DF,Brentford,24-168,1374.0,0.07,0.04,0.11,0.07,0.11,47.0,1.51,19.0,0.0,3.0,0.0,1.0,47.0
Son Heung-min,"FW,MF",Tottenham,29-168,1228.0,0.38,0.19,0.57,0.38,0.57,25.0,3.3,25.0,14.0,1.0,4.0,0.0,73.0
Ki-Jana Hoever,DF,Wolves,19-339,194.0,0.01,0.02,0.03,0.01,0.03,6.0,1.39,3.0,0.0,0.0,0.0,0.0,8.0
Rob Holding,"DF,MF",Arsenal,26-094,202.0,0.06,0.0,0.06,0.06,0.06,3.0,0.0,0.0,0.0,0.0,0.0,0.0,1.0
Mason Holgate,DF,Everton,25-062,518.0,0.04,0.0,0.04,0.04,0.04,10.0,0.0,0.0,0.0,0.0,0.0,0.0,5.0
Callum Hudson-Odoi,"FW,MF",Chelsea,21-046,596.0,0.18,0.3,0.48,0.18,0.48,23.0,5.44,26.0,0.0,7.0,2.0,1.0,74.0
Will Hughes,MF,Crystal Palace,26-250,173.0,0.0,0.17,0.17,0.0,0.17,2.0,1.56,0.0,1.0,0.0,0.0,1.0,7.0
Pierre Højbjerg,MF,Tottenham,26-140,1259.0,0.06,0.05,0.12,0.06,0.12,63.0,2.0,23.0,1.0,2.0,0.0,1.0,55.0
Adam Idah,FW,Norwich City,20-287,179.0,0.64,0.22,0.86,0.64,0.86,3.0,1.51,3.0,0.0,0.0,0.0,0.0,8.0
Kelechi Iheanacho,"FW,MF",Leicester City,25-081,447.0,0.26,0.26,0.52,0.26,0.52,15.0,3.62,12.0,1.0,2.0,1.0,0.0,23.0
Danny Ings,FW,Aston Villa,29-153,871.0,0.23,0.07,0.3,0.15,0.22,13.0,1.14,8.0,0.0,1.0,1.0,0.0,14.0
Alex Iwobi,"MF,FW",Everton,25-234,714.0,0.13,0.14,0.27,0.13,0.27,22.0,2.52,19.0,0.0,0.0,1.0,0.0,40.0
Daniel James,"FW,MF",Leeds United,24-043,1056.0,0.16,0.09,0.25,0.16,0.25,25.0,2.39,17.0,0.0,3.0,2.0,5.0,69.0
Daniel James,FW,Manchester Utd,24-043,126.0,0.17,0.01,0.19,0.17,0.19,0.0,2.14,2.0,0.0,0.0,1.0,0.0,10.0
Reece James,DF,Chelsea,22-015,998.0,0.15,0.3,0.45,0.15,0.45,60.0,4.15,34.0,6.0,3.0,2.0,1.0,80.0
Vitaly Janelt,MF,Brentford,23-227,1005.0,0.1,0.09,0.2,0.1,0.2,47.0,2.15,18.0,2.0,1.0,1.0,1.0,28.0
Pontus Jansson,DF,Brentford,30-313,1431.0,0.09,0.03,0.12,0.09,0.12,29.0,0.44,4.0,0.0,0.0,3.0,0.0,18.0
Mathias Jensen,MF,Brentford,25-356,523.0,0.02,0.18,0.2,0.02,0.2,24.0,3.79,10.0,12.0,0.0,0.0,0.0,28.0
Gabriel Jesus,FW,Manchester City,24-264,1138.0,0.39,0.27,0.66,0.39,0.66,37.0,3.4,33.0,0.0,5.0,5.0,0.0,98.0
Raúl Jiménez,FW,Wolves,30-232,1394.0,0.21,0.1,0.31,0.21,0.31,25.0,2.52,24.0,0.0,4.0,5.0,3.0,54.0
Joelinton,"MF,FW",Newcastle Utd,25-131,1123.0,0.1,0.07,0.17,0.1,0.17,30.0,2.4,20.0,0.0,2.0,3.0,4.0,49.0
Ben Johnson,DF,West Ham,21-333,675.0,0.01,0.04,0.05,0.01,0.05,27.0,0.8,6.0,0.0,0.0,0.0,0.0,24.0
Curtis Jones,MF,Liverpool,20-327,322.0,0.12,0.04,0.17,0.12,0.17,8.0,1.96,3.0,0.0,0.0,2.0,2.0,30.0
Jorginho,MF,Chelsea,30-003,1173.0,0.25,0.13,0.38,0.02,0.15,63.0,2.38,25.0,1.0,0.0,2.0,2.0,50.0
Diogo Jota,FW,Liverpool,25-019,1214.0,0.75,0.24,0.99,0.75,0.99,39.0,3.71,32.0,0.0,11.0,1.0,4.0,64.0
Mathias Jørgensen,DF,Brentford,31-244,428.0,0.02,0.02,0.04,0.02,0.04,13.0,1.26,3.0,2.0,0.0,1.0,0.0,10.0
Ozan Kabak,DF,Norwich City,21-273,652.0,0.03,0.0,0.03,0.03,0.03,12.0,0.97,2.0,0.0,1.0,1.0,2.0,12.0
Christian Kabasele,DF,Watford,30-302,203.0,0.1,0.0,0.1,0.1,0.1,2.0,0.89,2.0,0.0,0.0,0.0,0.0,3.0
Harry Kane,FW,Tottenham,28-148,1189.0,0.44,0.2,0.63,0.44,0.63,31.0,2.2,21.0,0.0,2.0,4.0,2.0,37.0
N'Golo Kanté,MF,Chelsea,30-269,585.0,0.12,0.07,0.19,0.12,0.19,41.0,2.0,11.0,0.0,1.0,1.0,0.0,45.0
Moise Kean,FW,Everton,21-298,1.0,0.0,0.0,0.0,0.0,0.0,0.0,0.0,0.0,0.0,0.0,0.0,0.0,0.0
Michael Keane,DF,Everton,28-346,1530.0,0.05,0.03,0.08,0.05,0.08,40.0,0.59,7.0,0.0,0.0,3.0,0.0,27.0
Naby Keïta,MF,Liverpool,26-316,469.0,0.19,0.17,0.36,0.19,0.36,27.0,3.45,14.0,0.0,0.0,2.0,0.0,39.0
Caoimhín Kelleher,GK,Liverpool,23-030,90.0,0.0,0.0,0.0,0.0,0.0,0.0,0.0,0.0,0.0,0.0,0.0,0.0,0.0
Jonjoe Kenny,DF,Everton,24-283,101.0,0.02,0.0,0.02,0.02,0.02,2.0,0.89,1.0,0.0,0.0,0.0,0.0,1.0
Max Kilman,DF,Wolves,24-214,1619.0,0.04,0.0,0.04,0.04,0.04,57.0,0.28,4.0,0.0,1.0,0.0,0.0,71.0
Joshua King,FW,Watford,29-342,1086.0,0.48,0.16,0.64,0.41,0.58,12.0,2.4,22.0,0.0,2.0,2.0,2.0,35.0
Mateusz Klich,MF,Leeds United,31-193,856.0,0.14,0.16,0.3,0.14,0.3,40.0,3.68,28.0,1.0,1.0,1.0,3.0,44.0
Robin Koch,"MF,DF",Leeds United,25-159,180.0,0.0,0.0,0.0,0.0,0.0,4.0,0.0,0.0,0.0,0.0,0.0,0.0,0.0
Sead Kolašinac,DF,Arsenal,28-186,91.0,0.0,0.0,0.0,0.0,0.0,0.0,0.0,0.0,0.0,0.0,0.0,0.0,0.0
Ibrahima Konaté,DF,Liverpool,22-212,540.0,0.0,0.02,0.02,0.0,0.02,26.0,0.67,4.0,0.0,0.0,0.0,0.0,16.0
Ezri Konsa,DF,Aston Villa,24-061,1397.0,0.08,0.02,0.1,0.08,0.1,18.0,0.39,6.0,0.0,0.0,0.0,0.0,15.0
Cheikhou Kouyaté,MF,Crystal Palace,32-002,1140.0,0.01,0.04,0.05,0.01,0.05,32.0,1.11,12.0,0.0,1.0,0.0,0.0,16.0
Mateo Kovačić,MF,Chelsea,27-231,728.0,0.14,0.22,0.35,0.14,0.35,52.0,3.96,29.0,0.0,0.0,1.0,2.0,62.0
Emil Krafth,DF,Newcastle Utd,27-143,452.0,0.03,0.01,0.04,0.03,0.04,8.0,0.4,1.0,0.0,0.0,1.0,0.0,7.0
Tim Krul,GK,Norwich City,33-264,1530.0,0.0,0.0,0.0,0.0,0.0,0.0,0.24,2.0,2.0,0.0,0.0,0.0,0.0
Juraj Kucka,MF,Watford,34-300,1002.0,0.12,0.01,0.13,0.12,0.13,28.0,1.71,13.0,0.0,3.0,0.0,2.0,34.0
Alexandre Lacazette,"FW,MF",Arsenal,30-209,704.0,0.4,0.11,0.51,0.3,0.42,20.0,4.09,22.0,0.0,2.0,1.0,6.0,19.0
Adam Lallana,MF,Brighton,33-227,1075.0,0.07,0.04,0.11,0.07,0.11,38.0,1.51,15.0,0.0,1.0,0.0,2.0,47.0
Tariq Lamptey,"DF,FW",Brighton,21-084,491.0,0.06,0.16,0.22,0.06,0.22,16.0,4.03,13.0,0.0,3.0,2.0,2.0,50.0
Manuel Lanzini,"MF,FW",West Ham,28-311,369.0,0.23,0.24,0.47,0.04,0.28,13.0,2.68,8.0,1.0,0.0,0.0,1.0,26.0
Aymeric Laporte,DF,Manchester City,27-210,1180.0,0.19,0.01,0.2,0.19,0.2,82.0,1.3,15.0,0.0,0.0,2.0,0.0,139.0
Jamaal Lascelles,DF,Newcastle Utd,28-042,1260.0,0.04,0.0,0.04,0.04,0.04,9.0,0.36,5.0,0.0,0.0,0.0,0.0,6.0
Pierre Lees-Melou,MF,Norwich City,28-212,867.0,0.08,0.09,0.17,0.08,0.17,43.0,2.49,20.0,1.0,0.0,0.0,1.0,25.0
Aaron Lennon,MF,Burnley,34-251,115.0,0.12,0.0,0.12,0.12,0.12,2.0,0.78,0.0,0.0,0.0,0.0,1.0,4.0
Bernd Leno,GK,Arsenal,29-294,270.0,0.0,0.0,0.0,0.0,0.0,0.0,0.0,0.0,0.0,0.0,0.0,0.0,0.0
Jamal Lewis,DF,Newcastle Utd,23-332,262.0,0.0,0.01,0.01,0.0,0.01,4.0,0.69,2.0,0.0,0.0,0.0,0.0,4.0
Victor Lindelöf,DF,Manchester Utd,27-159,1087.0,0.01,0.04,0.04,0.01,0.04,24.0,0.41,5.0,0.0,0.0,0.0,0.0,29.0
Jesse Lingard,FW,Manchester Utd,29-008,95.0,0.28,0.09,0.37,0.28,0.37,4.0,3.79,4.0,0.0,0.0,0.0,0.0,6.0
Valentino Livramento,DF,Southampton,19-041,1525.0,0.04,0.08,0.12,0.04,0.12,45.0,1.3,19.0,0.0,1.0,0.0,2.0,94.0
Diego Llorente,DF,Leeds United,28-129,1086.0,0.03,0.01,0.03,0.03,0.03,33.0,0.41,5.0,0.0,0.0,0.0,0.0,31.0
Hugo Lloris,GK,Tottenham,34-362,1350.0,0.0,0.03,0.03,0.0,0.03,0.0,0.2,3.0,0.0,0.0,0.0,0.0,0.0
Giovani Lo Celso,"MF,FW",Tottenham,25-258,213.0,0.31,0.27,0.58,0.31,0.58,6.0,3.8,4.0,2.0,0.0,1.0,2.0,19.0
Jürgen Locadia,FW,Brighton,28-046,23.0,0.45,0.0,0.45,0.45,0.45,0.0,0.0,0.0,0.0,0.0,0.0,0.0,0.0
Ruben Loftus-Cheek,MF,Chelsea,25-334,697.0,0.12,0.1,0.22,0.12,0.22,40.0,2.84,13.0,0.0,2.0,3.0,2.0,64.0
Shane Long,"FW,MF",Southampton,34-335,38.0,0.73,0.0,0.73,0.73,0.73,1.0,2.37,0.0,0.0,0.0,0.0,1.0,0.0
Sean Longstaff,MF,Newcastle Utd,24-054,756.0,0.11,0.03,0.14,0.11,0.14,17.0,1.31,8.0,1.0,0.0,1.0,0.0,7.0
Ademola Lookman,"FW,MF",Leicester City,24-064,586.0,0.3,0.16,0.46,0.3,0.46,18.0,2.92,14.0,0.0,1.0,1.0,2.0,33.0
Imran Louza,MF,Watford,22-236,283.0,0.04,0.07,0.11,0.04,0.11,17.0,2.23,0.0,5.0,0.0,1.0,1.0,5.0
Matthew Lowton,DF,Burnley,32-197,1334.0,0.04,0.06,0.1,0.04,0.1,63.0,1.69,19.0,4.0,0.0,1.0,1.0,45.0
Douglas Luiz,MF,Aston Villa,23-228,1052.0,0.03,0.1,0.13,0.03,0.13,39.0,2.65,18.0,8.0,1.0,1.0,3.0,39.0
Romelu Lukaku,FW,Chelsea,28-224,695.0,0.41,0.25,0.66,0.41,0.66,5.0,2.59,14.0,0.0,3.0,1.0,2.0,21.0
Lyanco,DF,Southampton,24-325,351.0,0.04,0.04,0.08,0.04,0.08,10.0,1.54,4.0,0.0,1.0,1.0,0.0,7.0
Alexis Mac Allister,"MF,FW",Brighton,22-364,325.0,0.46,0.02,0.48,0.25,0.27,15.0,2.77,8.0,0.0,0.0,1.0,1.0,23.0
James Maddison,"MF,FW",Leicester City,25-030,1004.0,0.29,0.17,0.45,0.29,0.45,42.0,3.32,23.0,3.0,5.0,2.0,4.0,55.0
Harry Maguire,DF,Manchester Utd,28-293,1214.0,0.05,0.0,0.06,0.05,0.06,34.0,0.74,5.0,2.0,0.0,2.0,1.0,51.0
Riyad Mahrez,FW,Manchester City,30-305,667.0,0.43,0.34,0.77,0.43,0.77,31.0,4.45,26.0,5.0,0.0,2.0,0.0,71.0
Ainsley Maitland-Niles,MF,Arsenal,24-116,268.0,0.01,0.12,0.13,0.01,0.13,13.0,2.69,5.0,1.0,0.0,1.0,0.0,10.0
Sadio Mané,FW,Liverpool,29-257,1532.0,0.52,0.16,0.68,0.52,0.68,54.0,3.0,38.0,0.0,0.0,8.0,2.0,114.0
Javier Manquillo,DF,Newcastle Utd,27-232,945.0,0.05,0.03,0.08,0.05,0.08,16.0,0.57,6.0,0.0,0.0,0.0,0.0,15.0
Fernando Marçal,DF,Wolves,32-307,864.0,0.04,0.01,0.05,0.04,0.05,30.0,0.83,7.0,0.0,0.0,1.0,0.0,57.0
Solly March,"DF,FW",Brighton,27-156,764.0,0.1,0.12,0.22,0.1,0.22,23.0,3.42,18.0,7.0,2.0,0.0,1.0,46.0
Pablo Marí,DF,Arsenal,28-114,180.0,0.15,0.05,0.21,0.15,0.21,8.0,0.5,1.0,0.0,0.0,0.0,0.0,4.0
Anthony Martial,FW,Manchester Utd,26-018,203.0,0.16,0.07,0.22,0.16,0.22,7.0,0.89,2.0,0.0,0.0,0.0,0.0,15.0
Martinelli,"MF,FW",Arsenal,20-188,608.0,0.34,0.14,0.49,0.34,0.49,5.0,2.96,13.0,3.0,0.0,3.0,0.0,30.0
Emiliano Martínez,GK,Aston Villa,29-112,1440.0,0.0,0.0,0.0,0.0,0.0,0.0,0.06,1.0,0.0,0.0,0.0,0.0,0.0
Adam Masina,DF,Watford,27-355,686.0,0.01,0.07,0.08,0.01,0.08,24.0,1.18,5.0,3.0,0.0,0.0,0.0,15.0
Arthur Masuaku,"DF,FW",West Ham,28-046,318.0,0.02,0.01,0.03,0.02,0.03,13.0,1.13,2.0,2.0,0.0,0.0,0.0,16.0
Jean-Philippe Mateta,FW,Crystal Palace,24-178,61.0,0.0,0.0,0.0,0.0,0.0,0.0,0.0,0.0,0.0,0.0,0.0,0.0,0.0
Nemanja Matić,MF,Manchester Utd,33-144,474.0,0.02,0.1,0.13,0.02,0.13,31.0,2.09,10.0,0.0,0.0,0.0,0.0,41.0
Joël Matip,DF,Liverpool,30-137,1260.0,0.08,0.01,0.09,0.08,0.09,76.0,1.14,13.0,0.0,0.0,2.0,1.0,114.0
Neal Maupay,FW,Brighton,25-131,1017.0,0.43,0.07,0.5,0.36,0.43,13.0,2.04,18.0,0.0,0.0,2.0,3.0,29.0
Bryan Mbeumo,FW,Brentford,22-138,1277.0,0.38,0.1,0.48,0.33,0.43,19.0,2.18,20.0,3.0,5.0,2.0,0.0,45.0
James McArthur,MF,Crystal Palace,34-077,950.0,0.02,0.07,0.1,0.02,0.1,45.0,1.89,17.0,0.0,1.0,0.0,1.0,42.0
James Mcatee,FW,Manchester City,19-066,4.0,0.95,0.0,0.95,0.95,0.95,0.0,0.0,0.0,0.0,0.0,0.0,0.0,1.0
Kasey McAteer,FW,Leicester City,20-031,3.0,0.0,0.0,0.0,0.0,0.0,0.0,0.0,0.0,0.0,0.0,0.0,0.0,0.0
Liam McCarron,FW,Leeds United,20-291,10.0,0.0,0.0,0.0,0.0,0.0,0.0,0.0,0.0,0.0,0.0,0.0,0.0,1.0
Alex McCarthy,GK,Southampton,32-020,1350.0,0.0,0.0,0.0,0.0,0.0,0.0,0.07,1.0,0.0,0.0,0.0,0.0,0.0
John McGinn,MF,Aston Villa,27-066,1386.0,0.04,0.15,0.19,0.04,0.19,74.0,2.73,25.0,12.0,1.0,1.0,3.0,59.0
Stuart McKinstry,MF,Leeds United,19-096,4.0,0.0,0.0,0.0,0.0,0.0,0.0,0.0,0.0,0.0,0.0,0.0,0.0,0.0
Kenny McLean,MF,Norwich City,29-349,1395.0,0.07,0.03,0.1,0.07,0.1,46.0,1.23,13.0,2.0,0.0,2.0,0.0,46.0
Dwight McNeil,MF,Burnley,22-031,1331.0,0.04,0.15,0.19,0.04,0.19,26.0,2.64,24.0,9.0,2.0,1.0,3.0,83.0
Scott McTominay,MF,Manchester Utd,25-015,1030.0,0.04,0.1,0.14,0.04,0.14,42.0,1.22,14.0,0.0,0.0,0.0,0.0,39.0
Ben Mee,DF,Burnley,32-091,990.0,0.09,0.0,0.09,0.09,0.09,25.0,0.55,4.0,0.0,0.0,0.0,2.0,9.0
Benjamin Mendy,DF,Manchester City,27-159,78.0,0.0,0.3,0.3,0.0,0.3,8.0,4.62,4.0,0.0,0.0,0.0,0.0,8.0
Edouard Mendy,GK,Chelsea,29-297,1530.0,0.0,0.0,0.0,0.0,0.0,0.0,0.06,1.0,0.0,0.0,0.0,0.0,0.0
Illan Meslier,GK,Leeds United,21-296,1620.0,0.0,0.0,0.0,0.0,0.0,0.0,0.06,1.0,0.0,0.0,0.0,0.0,0.0
Luka Milivojević,MF,Crystal Palace,30-260,468.0,0.03,0.04,0.06,0.03,0.06,29.0,0.77,2.0,2.0,0.0,0.0,0.0,16.0
James Milner,"MF,DF",Liverpool,35-353,505.0,0.03,0.23,0.26,0.03,0.26,40.0,2.67,10.0,3.0,1.0,1.0,0.0,23.0
Yerry Mina,DF,Everton,27-091,488.0,0.02,0.0,0.02,0.02,0.02,6.0,0.0,0.0,0.0,0.0,0.0,0.0,5.0
Takumi Minamino,"FW,MF",Liverpool,26-341,46.0,1.57,0.0,1.57,1.57,1.57,1.0,3.91,1.0,0.0,0.0,0.0,1.0,3.0
Tyrone Mings,DF,Aston Villa,28-285,1389.0,0.04,0.01,0.05,0.04,0.05,37.0,0.65,6.0,0.0,0.0,3.0,1.0,21.0
Tyrick Mitchell,DF,Crystal Palace,22-113,1529.0,0.0,0.04,0.04,0.0,0.04,67.0,1.12,16.0,1.0,0.0,1.0,0.0,42.0
Jakub Moder,"MF,FW",Brighton,22-260,873.0,0.15,0.12,0.27,0.15,0.27,36.0,2.16,12.0,2.0,2.0,4.0,0.0,44.0
Wesley Moraes,FW,Aston Villa,25-027,1.0,0.0,0.0,0.0,0.0,0.0,1.0,0.0,0.0,0.0,0.0,0.0,0.0,0.0
Tyler Morton,MF,Liverpool,19-053,66.0,0.0,0.0,0.0,0.0,0.0,3.0,1.36,1.0,0.0,0.0,0.0,0.0,2.0
Mason Mount,"FW,MF",Chelsea,22-347,978.0,0.47,0.31,0.78,0.4,0.71,46.0,3.96,26.0,9.0,3.0,2.0,3.0,63.0
Lucas Moura,"FW,MF",Tottenham,29-132,1001.0,0.14,0.1,0.24,0.14,0.24,48.0,3.15,26.0,0.0,3.0,2.0,3.0,85.0
João Moutinho,MF,Wolves,35-106,1479.0,0.04,0.1,0.14,0.04,0.14,63.0,1.89,19.0,8.0,0.0,1.0,0.0,68.0
Bali Mumba,DF,Norwich City,20-076,45.0,0.0,0.0,0.0,0.0,0.0,1.0,0.0,0.0,0.0,0.0,0.0,0.0,1.0
Jacob Murphy,"DF,MF",Newcastle Utd,26-302,746.0,0.11,0.11,0.21,0.11,0.21,26.0,1.93,14.0,0.0,2.0,0.0,0.0,55.0
Enock Mwepu,MF,Brighton,23-356,434.0,0.28,0.03,0.31,0.28,0.31,9.0,2.28,8.0,0.0,0.0,1.0,2.0,15.0
Marvelous Nakamba,MF,Aston Villa,27-338,758.0,0.0,0.01,0.01,0.0,0.01,26.0,0.71,5.0,0.0,0.0,0.0,1.0,14.0
Wilfred Ndidi,MF,Leicester City,25-007,1080.0,0.07,0.0,0.07,0.07,0.07,37.0,0.58,4.0,0.0,0.0,3.0,0.0,31.0
Tanguy Ndombele,MF,Tottenham,24-360,472.0,0.09,0.07,0.17,0.09,0.17,17.0,2.48,10.0,0.0,1.0,1.0,1.0,51.0
Reiss Nelson,FW,Arsenal,22-013,20.0,0.16,0.18,0.35,0.16,0.35,1.0,13.5,2.0,0.0,0.0,1.0,0.0,0.0
Rúben Neves,MF,Wolves,24-285,1346.0,0.04,0.09,0.13,0.04,0.13,68.0,1.94,24.0,2.0,0.0,1.0,1.0,52.0
Jeremy Ngakia,DF,Watford,21-107,493.0,0.01,0.04,0.05,0.01,0.05,19.0,1.1,4.0,2.0,0.0,0.0,0.0,15.0
Saúl Ñíguez,MF,Chelsea,27-032,164.0,0.07,0.0,0.07,0.07,0.07,2.0,0.0,0.0,0.0,0.0,0.0,0.0,3.0
Eddie Nketiah,"FW,MF",Arsenal,22-207,41.0,0.76,0.68,1.44,0.76,1.44,2.0,6.59,3.0,0.0,0.0,0.0,0.0,5.0
Nicolas Nkoulou,DF,Watford,31-271,168.0,0.0,0.01,0.01,0.0,0.01,1.0,0.54,1.0,0.0,0.0,0.0,0.0,0.0
Mark Noble,FW,West Ham,34-229,4.0,17.1,0.0,17.1,0.0,0.0,0.0,0.0,0.0,0.0,0.0,0.0,0.0,0.0
Mathias Normann,MF,Norwich City,25-209,703.0,0.09,0.05,0.14,0.09,0.14,30.0,2.82,9.0,2.0,4.0,3.0,2.0,24.0
Christian Nørgaard,MF,Brentford,27-288,1406.0,0.13,0.07,0.21,0.13,0.21,75.0,1.22,17.0,0.0,1.0,1.0,0.0,41.0
Angelo Ogbonna,DF,West Ham,33-214,921.0,0.03,0.0,0.03,0.03,0.03,10.0,0.2,2.0,0.0,0.0,0.0,0.0,6.0
Michael Olise,"FW,MF",Crystal Palace,20-011,298.0,0.1,0.31,0.4,0.1,0.4,20.0,3.62,9.0,1.0,0.0,1.0,1.0,43.0
Andrew Omobamidele,DF,Norwich City,19-183,382.0,0.07,0.0,0.07,0.07,0.07,13.0,0.0,0.0,0.0,0.0,0.0,0.0,16.0
Tyler Onyango,"FW,MF",Everton,18-294,2.0,0.0,0.0,0.0,0.0,0.0,0.0,0.0,0.0,0.0,0.0,0.0,0.0,0.0
Frank Onyeka,MF,Brentford,23-356,745.0,0.08,0.02,0.1,0.08,0.1,20.0,1.57,8.0,0.0,0.0,1.0,4.0,25.0
Divock Origi,FW,Liverpool,26-249,41.0,1.47,0.0,1.47,1.47,1.47,0.0,0.0,0.0,0.0,0.0,0.0,0.0,2.0
Alex Oxlade-Chamberlain,"MF,FW",Liverpool,28-130,516.0,0.09,0.1,0.19,0.09,0.19,29.0,2.27,9.0,0.0,2.0,0.0,1.0,48.0
Cole Palmer,"FW,MF",Manchester City,19-231,123.0,0.23,0.17,0.39,0.23,0.39,5.0,5.12,4.0,0.0,0.0,2.0,1.0,6.0
Emerson Palmieri,DF,Chelsea,27-142,5.0,0.0,0.0,0.0,0.0,0.0,0.0,0.0,0.0,0.0,0.0,0.0,0.0,0.0
Thomas Partey,MF,Arsenal,28-193,1160.0,0.11,0.04,0.15,0.11,0.15,67.0,2.25,21.0,0.0,3.0,2.0,3.0,49.0
João Pedro,MF,Watford,20-088,454.0,0.15,0.28,0.43,0.15,0.43,15.0,3.17,14.0,0.0,1.0,1.0,0.0,14.0
Nicolas Pépé,"FW,MF",Arsenal,26-208,492.0,0.29,0.3,0.58,0.29,0.58,10.0,4.39,13.0,9.0,1.0,1.0,0.0,31.0
Ricardo Pereira,DF,Leicester City,28-078,595.0,0.05,0.17,0.22,0.05,0.22,26.0,2.42,14.0,0.0,1.0,0.0,0.0,28.0
Ayoze Pérez,"FW,MF",Leicester City,28-153,174.0,0.51,0.34,0.85,0.51,0.85,9.0,4.66,8.0,0.0,0.0,1.0,0.0,10.0
Romain Perraud,DF,Southampton,24-092,522.0,0.01,0.02,0.04,0.01,0.04,12.0,0.86,5.0,0.0,0.0,0.0,0.0,16.0
Kalvin Phillips,MF,Leeds United,26-021,999.0,0.05,0.02,0.06,0.05,0.06,41.0,1.44,12.0,1.0,0.0,1.0,0.0,18.0
Jaden Philogene Bidace,FW,Aston Villa,19-219,5.0,0.0,0.0,0.0,0.0,0.0,0.0,18.0,0.0,0.0,0.0,0.0,1.0,0.0
Jordan Pickford,GK,Everton,27-291,1440.0,0.0,0.0,0.0,0.0,0.0,0.0,0.06,0.0,1.0,0.0,0.0,0.0,0.0
Erik Pieters,"DF,MF",Burnley,33-138,105.0,0.0,0.0,0.0,0.0,0.0,2.0,0.0,0.0,0.0,0.0,0.0,0.0,1.0
Ethan Pinnock,DF,Brentford,28-208,1257.0,0.07,0.07,0.15,0.07,0.15,27.0,0.79,11.0,0.0,0.0,0.0,0.0,16.0
Daniel Podence,"FW,MF",Wolves,26-063,434.0,0.16,0.33,0.5,0.16,0.5,19.0,3.11,11.0,0.0,0.0,1.0,3.0,40.0
Paul Pogba,"MF,FW",Manchester Utd,28-283,631.0,0.23,0.19,0.42,0.23,0.42,56.0,4.28,25.0,0.0,2.0,1.0,2.0,53.0
Nick Pope,GK,Burnley,29-248,1350.0,0.0,0.01,0.01,0.0,0.01,0.0,0.33,3.0,2.0,0.0,0.0,0.0,0.0
Teemu Pukki,FW,Norwich City,31-269,1459.0,0.3,0.04,0.34,0.21,0.25,10.0,1.36,12.0,0.0,2.0,1.0,7.0,29.0
Christian Pulisic,"FW,MF",Chelsea,23-096,418.0,0.42,0.09,0.51,0.42,0.51,8.0,2.58,9.0,0.0,0.0,0.0,2.0,27.0
Przemysław Płacheta,FW,Norwich City,23-275,146.0,0.03,0.02,0.05,0.03,0.05,3.0,3.08,1.0,1.0,1.0,0.0,2.0,6.0
Jesuran Rak Sakyi,MF,Crystal Palace,19-079,14.0,0.0,0.0,0.0,0.0,0.0,0.0,0.0,0.0,0.0,0.0,0.0,0.0,0.0
Aaron Ramsdale,GK,Arsenal,23-223,1350.0,0.0,0.0,0.0,0.0,0.0,0.0,0.0,0.0,0.0,0.0,0.0,0.0,0.0
Jacob Ramsey,"MF,FW",Aston Villa,20-209,910.0,0.13,0.07,0.2,0.13,0.2,32.0,1.88,13.0,0.0,0.0,1.0,4.0,51.0
Marcus Rashford,FW,Manchester Utd,24-053,495.0,0.2,0.21,0.4,0.2,0.4,9.0,2.36,8.0,0.0,1.0,0.0,4.0,29.0
Milot Rashica,"FW,MF",Norwich City,25-178,807.0,0.12,0.11,0.24,0.12,0.24,15.0,2.34,13.0,5.0,1.0,0.0,1.0,48.0
David Raya,GK,Brentford,26-099,810.0,0.0,0.0,0.0,0.0,0.0,0.0,0.11,1.0,0.0,0.0,0.0,0.0,0.0
Nathan Redmond,"MF,FW",Southampton,27-292,1043.0,0.15,0.26,0.41,0.15,0.41,44.0,3.54,31.0,4.0,1.0,4.0,0.0,74.0
Sergio Reguilón,DF,Tottenham,25-007,1067.0,0.09,0.2,0.3,0.09,0.3,28.0,2.19,24.0,1.0,0.0,0.0,1.0,46.0
Declan Rice,MF,West Ham,22-343,1530.0,0.03,0.09,0.11,0.03,0.11,64.0,1.94,27.0,1.0,1.0,1.0,1.0,114.0
Taylor Richards,"MF,FW",Brighton,21-019,25.0,0.14,0.0,0.14,0.14,0.14,2.0,3.6,1.0,0.0,0.0,0.0,0.0,3.0
Richarlison,"FW,MF",Everton,24-227,886.0,0.24,0.18,0.42,0.24,0.42,16.0,2.13,19.0,0.0,0.0,0.0,2.0,28.0
Jaïro Riedewald,MF,Crystal Palace,25-105,102.0,0.0,0.07,0.07,0.0,0.07,2.0,2.65,2.0,1.0,0.0,0.0,0.0,3.0
Matt Ritchie,DF,Newcastle Utd,32-104,1318.0,0.03,0.11,0.14,0.03,0.14,47.0,2.73,18.0,21.0,0.0,1.0,0.0,29.0
Connor Roberts,DF,Burnley,26-091,16.0,0.0,0.0,0.0,0.0,0.0,2.0,0.0,0.0,0.0,0.0,0.0,0.0,1.0
Tyler Roberts,"MF,FW",Leeds United,22-345,805.0,0.23,0.12,0.35,0.23,0.35,20.0,2.35,17.0,0.0,1.0,1.0,2.0,36.0
Andrew Robertson,DF,Liverpool,27-287,1214.0,0.07,0.22,0.29,0.07,0.29,94.0,3.41,34.0,7.0,2.0,0.0,2.0,94.0
Joe Rodon,DF,Tottenham,24-062,79.0,0.0,0.0,0.0,0.0,0.0,0.0,0.0,0.0,0.0,0.0,0.0,0.0,0.0
Rodri,MF,Manchester City,25-184,1382.0,0.06,0.07,0.13,0.06,0.13,85.0,2.6,33.0,0.0,2.0,3.0,0.0,89.0
Rodrigo,"MF,FW",Leeds United,30-292,897.0,0.27,0.3,0.57,0.19,0.49,30.0,3.51,30.0,2.0,1.0,1.0,0.0,35.0
Jay Rodriguez,FW,Burnley,32-147,361.0,0.29,0.29,0.58,0.29,0.58,5.0,1.75,5.0,0.0,0.0,2.0,0.0,8.0
Mads Roerslev,DF,Brentford,22-182,333.0,0.01,0.07,0.07,0.01,0.07,9.0,0.81,2.0,0.0,1.0,0.0,0.0,11.0
Cristian Romero,DF,Tottenham,23-240,533.0,0.0,0.0,0.0,0.0,0.0,17.0,0.34,1.0,0.0,0.0,0.0,1.0,10.0
Oriol Romeu,MF,Southampton,30-090,1369.0,0.03,0.04,0.07,0.03,0.07,65.0,1.84,25.0,0.0,1.0,1.0,0.0,71.0
Cristiano Ronaldo,FW,Manchester Utd,36-321,1028.0,0.63,0.13,0.76,0.5,0.62,20.0,2.71,20.0,0.0,5.0,2.0,4.0,56.0
Salomón Rondón,FW,Everton,32-098,642.0,0.23,0.06,0.29,0.23,0.29,3.0,1.68,9.0,0.0,0.0,2.0,0.0,7.0
Danny Rose,DF,Watford,31-174,689.0,0.02,0.1,0.12,0.02,0.12,32.0,1.44,10.0,1.0,0.0,0.0,0.0,25.0
Antonio Rüdiger,DF,Chelsea,28-295,1530.0,0.1,0.06,0.15,0.1,0.15,86.0,1.47,20.0,0.0,1.0,2.0,2.0,90.0
Lukas Rupp,MF,Norwich City,30-349,477.0,0.11,0.21,0.32,0.11,0.32,14.0,3.58,15.0,0.0,2.0,1.0,1.0,28.0
José Sá,GK,Wolves,28-340,1620.0,0.0,0.05,0.05,0.0,0.05,0.0,0.11,2.0,0.0,0.0,0.0,0.0,0.0
Allan Saint-Maximin,"FW,MF",Newcastle Utd,24-286,1538.0,0.15,0.19,0.34,0.15,0.34,29.0,3.69,42.0,1.0,11.0,4.0,3.0,139.0
Romain Saïss,DF,Wolves,31-272,1568.0,0.12,0.01,0.12,0.12,0.12,74.0,0.4,6.0,0.0,0.0,1.0,0.0,38.0
Bukayo Saka,"MF,FW",Arsenal,20-109,1321.0,0.28,0.19,0.47,0.28,0.47,34.0,4.5,44.0,7.0,7.0,3.0,4.0,120.0
Mohamed Salah,FW,Liverpool,29-191,1602.0,0.61,0.37,0.98,0.53,0.89,70.0,4.04,52.0,0.0,9.0,9.0,2.0,124.0
Mohammed Salisu,DF,Southampton,22-250,1404.0,0.04,0.02,0.05,0.04,0.05,64.0,0.83,12.0,0.0,0.0,0.0,0.0,55.0
Albert Sambi Lokonga,MF,Arsenal,22-062,819.0,0.05,0.06,0.11,0.05,0.11,41.0,2.31,21.0,0.0,0.0,0.0,0.0,62.0
Davinson Sánchez,DF,Tottenham,25-194,661.0,0.11,0.01,0.12,0.11,0.12,16.0,0.68,4.0,0.0,0.0,1.0,0.0,21.0
Robert Sánchez,GK,Brighton,24-035,1349.0,0.0,0.03,0.03,0.0,0.03,0.0,0.27,4.0,0.0,0.0,0.0,0.0,0.0
Jadon Sancho,"FW,MF",Manchester Utd,21-273,714.0,0.13,0.15,0.28,0.13,0.28,27.0,4.41,30.0,1.0,3.0,1.0,0.0,79.0
Morgan Sanson,MF,Aston Villa,27-127,62.0,0.0,0.0,0.0,0.0,0.0,3.0,0.0,0.0,0.0,0.0,0.0,0.0,6.0
Josh Sargent,"FW,MF",Norwich City,21-306,816.0,0.18,0.07,0.25,0.18,0.25,6.0,1.87,12.0,0.0,0.0,1.0,4.0,20.0
Jeremy Sarmiento,FW,Brighton,19-190,21.0,0.0,0.0,0.0,0.0,0.0,0.0,0.0,0.0,0.0,0.0,0.0,0.0,1.0
Ismaila Sarr,"MF,FW",Watford,23-301,1030.0,0.3,0.1,0.4,0.23,0.33,27.0,2.18,17.0,0.0,4.0,0.0,2.0,79.0
Malang Sarr,DF,Chelsea,22-334,90.0,0.0,0.0,0.0,0.0,0.0,0.0,0.0,0.0,0.0,0.0,0.0,0.0,3.0
Fabian Schär,DF,Newcastle Utd,30-003,700.0,0.02,0.01,0.03,0.02,0.03,6.0,0.9,5.0,1.0,1.0,0.0,0.0,14.0
Jeffrey Schlupp,"MF,FW",Crystal Palace,29-000,395.0,0.12,0.07,0.19,0.12,0.19,9.0,1.59,5.0,0.0,2.0,0.0,0.0,12.0
Kasper Schmeichel,GK,Leicester City,35-048,1440.0,0.0,0.0,0.0,0.0,0.0,0.0,0.06,1.0,0.0,0.0,0.0,0.0,0.0
Ken Sema,"MF,FW",Watford,28-084,304.0,0.01,0.17,0.18,0.01,0.18,0.0,1.18,2.0,1.0,0.0,0.0,1.0,12.0
Nélson Semedo,DF,Wolves,28-037,1389.0,0.07,0.04,0.12,0.07,0.12,44.0,1.49,18.0,0.0,2.0,1.0,2.0,100.0
Ryan Sessegnon,DF,Tottenham,21-219,166.0,0.0,0.1,0.1,0.0,0.1,4.0,1.63,2.0,0.0,1.0,0.0,0.0,9.0
Jamie Shackleton,DF,Leeds United,22-076,628.0,0.02,0.01,0.02,0.02,0.02,17.0,1.15,6.0,1.0,0.0,1.0,0.0,26.0
Luke Shaw,DF,Manchester Utd,26-164,999.0,0.01,0.12,0.13,0.01,0.13,48.0,3.33,21.0,16.0,0.0,0.0,0.0,63.0
Jonjo Shelvey,MF,Newcastle Utd,29-299,723.0,0.04,0.05,0.09,0.04,0.09,31.0,2.86,15.0,6.0,0.0,0.0,0.0,14.0
Francisco Sierralta,DF,Watford,24-231,247.0,0.0,0.0,0.0,0.0,0.0,3.0,0.36,1.0,0.0,0.0,0.0,0.0,0.0
Bernardo Silva,MF,Manchester City,27-135,1432.0,0.25,0.19,0.45,0.25,0.45,50.0,4.09,52.0,0.0,6.0,3.0,4.0,170.0
Fábio Silva,"MF,FW",Wolves,19-157,41.0,0.07,0.13,0.2,0.07,0.2,0.0,2.2,1.0,0.0,0.0,0.0,0.0,1.0
Thiago Silva,DF,Chelsea,37-092,1232.0,0.04,0.01,0.05,0.04,0.05,56.0,1.02,9.0,0.0,0.0,3.0,1.0,109.0
Ellis Simms,FW,Everton,20-352,61.0,0.0,0.0,0.0,0.0,0.0,0.0,1.48,1.0,0.0,0.0,0.0,0.0,1.0
Moussa Sissoko,MF,Watford,32-129,1240.0,0.05,0.06,0.11,0.05,0.11,48.0,2.03,24.0,0.0,1.0,1.0,1.0,33.0
Oliver Skipp,MF,Tottenham,21-098,1066.0,0.01,0.03,0.04,0.01,0.04,50.0,1.18,14.0,0.0,0.0,0.0,0.0,48.0
William Smallbone,MF,Southampton,21-305,69.0,0.1,0.12,0.23,0.1,0.23,1.0,1.3,0.0,1.0,0.0,0.0,0.0,2.0
Emile Smith-Rowe,"MF,FW",Arsenal,21-148,1177.0,0.21,0.12,0.33,0.21,0.33,38.0,2.98,29.0,3.0,2.0,3.0,2.0,88.0
Cédric Soares,DF,Arsenal,30-114,217.0,0.01,0.06,0.07,0.01,0.07,5.0,0.83,2.0,0.0,0.0,0.0,0.0,4.0
Tomáš Souček,MF,West Ham,26-299,1518.0,0.14,0.02,0.16,0.12,0.14,52.0,0.95,13.0,0.0,0.0,1.0,1.0,43.0
Boubakary Soumaré,MF,Leicester City,22-299,859.0,0.03,0.02,0.05,0.03,0.05,27.0,1.36,11.0,0.0,1.0,0.0,0.0,31.0
Çağlar Söyüncü,DF,Leicester City,25-214,1417.0,0.08,0.01,0.09,0.08,0.09,27.0,0.38,6.0,0.0,0.0,0.0,0.0,33.0
Jason Steele,GK,Brighton,31-127,90.0,0.0,0.0,0.0,0.0,0.0,0.0,0.0,0.0,0.0,0.0,0.0,0.0,0.0
Jed Steer,GK,Aston Villa,29-091,90.0,0.0,0.0,0.0,0.0,0.0,0.0,0.0,0.0,0.0,0.0,0.0,0.0,0.0
Zack Steffen,GK,Manchester City,26-265,90.0,0.0,0.0,0.0,0.0,0.0,0.0,0.0,0.0,0.0,0.0,0.0,0.0,0.0
Jack Stephens,DF,Southampton,27-330,486.0,0.0,0.05,0.05,0.0,0.05,16.0,1.11,5.0,0.0,0.0,0.0,0.0,21.0
Raheem Sterling,FW,Manchester City,27-015,917.0,0.53,0.26,0.78,0.45,0.71,42.0,4.02,33.0,1.0,6.0,0.0,1.0,89.0
John Stones,DF,Manchester City,27-209,413.0,0.17,0.0,0.17,0.17,0.17,15.0,0.87,3.0,0.0,0.0,1.0,0.0,39.0
Pascal Struijk,"DF,MF",Leeds United,22-134,838.0,0.01,0.01,0.02,0.01,0.02,35.0,0.97,5.0,0.0,0.0,0.0,1.0,15.0
Crysencio Summerville,"MF,FW",Leeds United,20-054,122.0,0.23,0.03,0.26,0.23,0.26,6.0,0.74,1.0,0.0,0.0,0.0,0.0,11.0
Jakob Sørensen,"DF,MF",Norwich City,23-295,170.0,0.18,0.0,0.18,0.18,0.18,4.0,0.0,0.0,0.0,0.0,0.0,0.0,5.0
Japhet Tanganga,DF,Tottenham,22-267,500.0,0.03,0.07,0.1,0.03,0.1,13.0,0.36,2.0,0.0,0.0,0.0,0.0,16.0
Matt Targett,DF,Aston Villa,26-096,1251.0,0.03,0.15,0.18,0.03,0.18,84.0,1.58,18.0,4.0,0.0,0.0,0.0,31.0
James Tarkowski,DF,Burnley,29-034,1260.0,0.09,0.02,0.11,0.09,0.11,34.0,0.71,9.0,0.0,0.0,1.0,0.0,11.0
Nuno Tavares,DF,Arsenal,21-331,625.0,0.09,0.11,0.2,0.09,0.2,13.0,2.02,8.0,0.0,2.0,1.0,1.0,53.0
Charlie Taylor,DF,Burnley,28-096,1260.0,0.01,0.08,0.09,0.01,0.09,46.0,1.43,16.0,1.0,0.0,0.0,3.0,56.0
Nathan Tella,"MF,FW",Southampton,22-171,447.0,0.09,0.14,0.23,0.09,0.23,4.0,2.21,7.0,0.0,2.0,0.0,2.0,20.0
Alex Telles,DF,Manchester Utd,29-008,378.0,0.04,0.04,0.08,0.04,0.08,14.0,1.9,6.0,2.0,0.0,0.0,0.0,13.0
Luke Thomas,DF,Leicester City,20-196,720.0,0.02,0.1,0.11,0.02,0.11,32.0,1.0,5.0,2.0,0.0,0.0,0.0,25.0
Youri Tielemans,MF,Leicester City,24-230,1066.0,0.25,0.24,0.49,0.18,0.43,84.0,3.38,29.0,4.0,2.0,2.0,1.0,56.0
Kieran Tierney,DF,Arsenal,24-201,1016.0,0.04,0.09,0.12,0.04,0.12,35.0,2.04,18.0,2.0,1.0,1.0,1.0,56.0
Takehiro Tomiyasu,DF,Arsenal,23-048,1293.0,0.02,0.04,0.06,0.02,0.06,46.0,1.67,20.0,1.0,0.0,0.0,0.0,56.0
James Tomkins,DF,Crystal Palace,32-269,449.0,0.11,0.07,0.18,0.11,0.18,6.0,0.6,3.0,0.0,0.0,0.0,0.0,7.0
Ivan Toney,FW,Brentford,25-282,1260.0,0.3,0.2,0.5,0.19,0.39,31.0,1.93,21.0,0.0,1.0,1.0,3.0,25.0
Ferrán Torres,FW,Manchester City,21-297,303.0,0.74,0.01,0.75,0.74,0.75,2.0,1.49,4.0,0.0,0.0,1.0,0.0,2.0
Cenk Tosun,FW,Everton,30-199,7.0,0.0,0.0,0.0,0.0,0.0,0.0,0.0,0.0,0.0,0.0,0.0,0.0,0.0
Andros Townsend,MF,Everton,30-160,1266.0,0.15,0.16,0.32,0.1,0.26,43.0,3.55,36.0,7.0,1.0,1.0,4.0,62.0
Adama Traoré,FW,Wolves,25-332,1013.0,0.16,0.15,0.32,0.16,0.32,22.0,4.35,30.0,0.0,12.0,0.0,5.0,91.0
Bertrand Traoré,"MF,DF",Aston Villa,26-108,57.0,0.25,0.0,0.25,0.25,0.25,6.0,9.47,1.0,0.0,3.0,1.0,1.0,7.0
Francisco Trincão,"FW,MF",Wolves,21-359,795.0,0.3,0.07,0.37,0.3,0.37,18.0,2.38,14.0,0.0,5.0,0.0,1.0,43.0
William Troost-Ekong,DF,Watford,28-113,1287.0,0.01,0.01,0.01,0.01,0.01,31.0,0.28,3.0,0.0,0.0,0.0,0.0,22.0
Leandro Trossard,"FW,MF",Brighton,27-019,1406.0,0.2,0.1,0.3,0.15,0.25,67.0,2.94,32.0,4.0,6.0,2.0,2.0,90.0
Kostas Tsimikas,DF,Liverpool,25-225,400.0,0.03,0.27,0.3,0.03,0.3,21.0,3.6,10.0,6.0,0.0,0.0,0.0,33.0
Axel Tuanzebe,DF,Aston Villa,24-039,508.0,0.03,0.0,0.03,0.03,0.03,6.0,0.18,1.0,0.0,0.0,0.0,0.0,4.0
Ozan Tufan,MF,Watford,26-275,273.0,0.17,0.08,0.25,0.17,0.25,10.0,2.31,6.0,1.0,0.0,0.0,0.0,7.0
Christos Tzolis,"MF,FW",Norwich City,19-327,202.0,0.08,0.33,0.41,0.08,0.41,3.0,3.12,7.0,0.0,0.0,0.0,0.0,11.0
Raphaël Varane,DF,Manchester Utd,28-242,540.0,0.04,0.02,0.06,0.04,0.06,15.0,0.83,4.0,0.0,0.0,0.0,0.0,26.0
Jamie Vardy,FW,Leicester City,34-346,1231.0,0.44,0.08,0.52,0.44,0.52,19.0,1.83,22.0,0.0,1.0,1.0,1.0,34.0
Joël Veltman,DF,Brighton,29-342,1059.0,0.01,0.06,0.08,0.01,0.08,48.0,1.19,11.0,2.0,0.0,0.0,0.0,29.0
Jannik Vestergaard,DF,Leicester City,29-142,385.0,0.01,0.01,0.02,0.01,0.02,11.0,0.47,2.0,0.0,0.0,0.0,0.0,8.0
Nikola Vlašić,"MF,FW",West Ham,24-080,150.0,0.06,0.13,0.19,0.06,0.19,4.0,4.2,6.0,0.0,0.0,0.0,1.0,12.0
Matěj Vydra,FW,Burnley,29-236,335.0,0.52,0.05,0.57,0.52,0.57,2.0,1.61,5.0,0.0,0.0,0.0,1.0,3.0
Theo Walcott,"MF,FW",Southampton,32-282,290.0,0.21,0.01,0.22,0.21,0.22,3.0,0.93,3.0,0.0,0.0,0.0,0.0,7.0
Kyle Walker,DF,Manchester City,31-209,1035.0,0.01,0.06,0.07,0.01,0.07,53.0,2.0,21.0,0.0,0.0,1.0,1.0,47.0
Kyle Walker-Peters,DF,Southampton,24-254,988.0,0.02,0.11,0.13,0.02,0.13,63.0,2.19,16.0,0.0,2.0,0.0,4.0,93.0
Aaron Wan-Bissaka,DF,Manchester Utd,24-027,1170.0,0.0,0.04,0.05,0.0,0.05,31.0,1.62,17.0,0.0,2.0,1.0,1.0,66.0
Joel Ward,DF,Crystal Palace,32-055,1440.0,0.02,0.02,0.04,0.02,0.04,43.0,0.56,7.0,2.0,0.0,0.0,0.0,56.0
James Ward-Prowse,MF,Southampton,27-052,1325.0,0.16,0.15,0.31,0.06,0.21,52.0,2.85,22.0,17.0,0.0,1.0,0.0,43.0
Ollie Watkins,FW,Aston Villa,25-358,1272.0,0.37,0.07,0.45,0.37,0.45,26.0,2.41,23.0,0.0,3.0,3.0,3.0,54.0
Adam Webster,DF,Brighton,26-353,537.0,0.01,0.0,0.01,0.01,0.01,39.0,0.67,4.0,0.0,0.0,0.0,0.0,47.0
Danny Welbeck,"FW,MF",Brighton,31-027,239.0,0.15,0.0,0.15,0.15,0.15,1.0,0.75,0.0,0.0,0.0,0.0,2.0,10.0
Timo Werner,FW,Chelsea,25-292,545.0,0.53,0.03,0.56,0.53,0.56,9.0,1.49,6.0,0.0,1.0,2.0,0.0,26.0
Ashley Westwood,MF,Burnley,31-266,1149.0,0.04,0.16,0.2,0.04,0.2,57.0,2.51,21.0,9.0,0.0,2.0,0.0,22.0
Ben White,DF,Arsenal,24-076,1440.0,0.01,0.01,0.03,0.01,0.03,37.0,0.81,11.0,0.0,0.0,1.0,0.0,35.0
Brandon Williams,DF,Norwich City,21-111,922.0,0.01,0.03,0.04,0.01,0.04,45.0,1.27,12.0,0.0,0.0,0.0,1.0,49.0
Neco Williams,DF,Liverpool,20-254,8.0,0.0,6.5,6.5,0.0,6.5,0.0,22.5,1.0,0.0,1.0,0.0,0.0,2.0
Joe Willock,MF,Newcastle Utd,22-125,1050.0,0.07,0.06,0.13,0.07,0.13,23.0,2.23,18.0,0.0,5.0,0.0,2.0,42.0
Callum Wilson,FW,Newcastle Utd,29-299,1140.0,0.35,0.03,0.38,0.29,0.32,6.0,1.11,14.0,0.0,0.0,0.0,0.0,19.0
Harry Winks,MF,Tottenham,25-324,254.0,0.0,0.02,0.02,0.0,0.02,14.0,1.42,4.0,0.0,0.0,0.0,0.0,9.0
Yoane Wissa,"FW,MF",Brentford,25-111,173.0,0.21,0.0,0.21,0.21,0.21,2.0,2.08,1.0,0.0,0.0,1.0,2.0,7.0
Chris Wood,FW,Burnley,30-016,1194.0,0.28,0.02,0.3,0.28,0.3,17.0,1.43,15.0,0.0,1.0,2.0,1.0,14.0
Freddie Woodman,GK,Newcastle Utd,24-294,360.0,0.0,0.0,0.0,0.0,0.0,0.0,0.0,0.0,0.0,0.0,0.0,0.0,0.0
Granit Xhaka,MF,Arsenal,29-087,645.0,0.06,0.08,0.14,0.06,0.14,50.0,2.51,18.0,0.0,0.0,0.0,0.0,33.0
Andriy Yarmolenko,"FW,MF",West Ham,32-061,60.0,0.16,0.04,0.21,0.16,0.21,3.0,3.0,1.0,0.0,1.0,0.0,0.0,2.0
Ashley Young,"FW,DF",Aston Villa,36-167,733.0,0.05,0.03,0.07,0.05,0.07,22.0,1.72,10.0,2.0,1.0,0.0,1.0,28.0
Wilfried Zaha,FW,Crystal Palace,29-043,1355.0,0.23,0.2,0.43,0.13,0.33,65.0,3.32,39.0,0.0,3.0,5.0,3.0,114.0
Oleksandr Zinchenko,DF,Manchester City,25-008,417.0,0.03,0.11,0.14,0.03,0.14,33.0,3.24,12.0,2.0,0.0,0.0,1.0,46.0
Hakim Ziyech,"FW,MF",Chelsea,28-279,550.0,0.41,0.26,0.67,0.41,0.67,30.0,4.91,21.0,1.0,4.0,2.0,1.0,38.0
Kurt Zouma,DF,West Ham,27-057,970.0,0.03,0.0,0.03,0.03,0.03,19.0,0.19,2.0,0.0,0.0,0.0,0.0,15.0
Martin Ødegaard,MF,Arsenal,23-006,1067.0,0.11,0.25,0.37,0.11,0.37,53.0,4.13,35.0,9.0,2.0,2.0,1.0,66.0
